No,ID Peserta,Nama Pemenang,Departemen/Cabang,Kategori Hadiah,Tanggal Undian,Jam Undian,Status
1,BPKPD-09989,Agus Saputra,Sekretariat,MAGICOM,"Rabu, 16 Sep 2026",13.17.09,Pemenang
2,BPKPD-06930,Eko Santoso,Aset Daerah,MAGICOM,"Rabu, 16 Sep 2026",13.17.09,Pemenang
3,BPKPD-01371,Andi Firmansyah,Anggaran,MAGICOM,"Rabu, 16 Sep 2026",13.17.09,Pemenang
4,BPKPD-08237,Yuni Saputra,Pajak,MAGICOM,"Rabu, 16 Sep 2026",13.17.09,Pemenang
5,BPKPD-14376,Bambang Santoso,Anggaran,MAGICOM,"Rabu, 16 Sep 2026",13.17.09,Pemenang
6,BPKPD-00396,Ratna Pratama,Keuangan,PANCI,"Rabu, 16 Sep 2026",13.17.17,Dibatalkan
7,BPKPD-08702,Sigit Wibowo,Pengelolaan Pendapatan,PANCI,"Rabu, 16 Sep 2026",13.17.17,Dibatalkan
8,BPKPD-06722,Ani Rahayu,Sekretariat,PANCI,"Rabu, 16 Sep 2026",13.17.17,Dibatalkan
9,BPKPD-05967,Wulan Hidayat,Keuangan,PANCI,"Rabu, 16 Sep 2026",13.17.28,Pemenang
10,BPKPD-05759,Hadi Susanti,Keuangan,PANCI,"Rabu, 16 Sep 2026",13.17.28,Pemenang
11,BPKPD-11228,Ani Wijaya,Sekretariat,PANCI,"Rabu, 16 Sep 2026",13.17.28,Pemenang